fixed acidity;volatile acidity;citric acid;residual sugar;chlorides;free sulfur dioxide;total sulfur dioxide;density;pH;sulphates;alcohol;quality
7.9;0.69;0.21;2.1;0.08;33.0;141.0;0.9962;3.25;0.51;9.9;5
9.4;0.41;0.48;4.6;0.072;10.0;20.0;0.9973;3.34;0.79;12.2;7
15.6;0.645;0.49;4.2;0.095;10.0;23.0;1.00315;2.92;0.74;11.1;5
11.6;0.58;0.66;2.2;0.074;10.0;47.0;1.0008;3.25;0.57;9.0;3
10.2;0.67;0.39;1.9;0.054;6.0;17.0;0.9976;3.17;0.47;10.0;5
7.3;1.07;0.09;1.7;0.178;10.0;89.0;0.9962;3.3;0.57;9.0;5
7.7;0.775;0.42;1.9;0.092;8.0;86.0;0.9959;3.23;0.59;9.5;5
5.6;0.5;0.09;2.3;0.049;17.0;99.0;0.9937;3.63;0.63;13.0;5
7.8;0.41;0.68;1.7;0.467;18.0;69.0;0.9973;3.08;1.31;9.3;5
6.3;0.3;0.48;1.8;0.069;18.0;61.0;0.9959;3.44;0.78;10.3;6
6.6;0.52;0.08;2.4;0.07;13.0;26.0;0.99358;3.4;0.72;12.5;7
6.7;0.56;0.09;2.9;0.079;7.0;22.0;0.99669;3.46;0.61;10.2;5
7.4;0.5;0.47;2.0;0.086;21.0;73.0;0.997;3.36;0.57;9.1;5
8.1;0.78;0.1;3.3;0.09;4.0;13.0;0.99855;3.36;0.49;9.5;5
6.3;0.39;0.16;1.4;0.08;11.0;23.0;0.9955;3.34;0.56;9.3;5
10.3;0.32;0.45;6.4;0.073;5.0;13.0;0.9976;3.23;0.82;12.6;8
7.4;0.53;0.26;2.0;0.101;16.0;72.0;0.9957;3.15;0.57;9.4;5
9.248886057293436;0.8347412935760437;0.2323697366323401;2.8125943454850164;0.1364146584028754;5.548149496526936;13.25925251736532;0.999136888241667;3.3354078388886195;0.553259070486229;9.825188690970034;3
7.7;0.58;0.01;1.8;0.088;12.0;18.0;0.99568;3.32;0.56;10.5;7
9.3;0.33;0.45;1.5;0.057;19.0;37.0;0.99498;3.18;0.89;11.1;7
8.646399203445123;0.4529200929314023;0.4395198937926831;2.0646004646570115;0.0728900033189786;7.37800066379573;16.37800066379573;0.9937619384931836;3.2062199933620428;0.7013400199138718;12.726800398277438;8
8.757556059321654;0.7261031380536473;0.223966368370649;1.817892375615164;0.100495067413877;26.58251123564618;48.52982062602527;0.997647127804948;3.3429125561782307;0.6957556059321655;9.794035874794943;3
6.953865875740855;1.0221675346862864;0.1802783430533416;1.8009278101778052;0.1298701065751072;7.0;21.00618540118537;0.995103401970652;3.3796288759288777;0.4749845364970365;9.90030927005927;4
7.459397666923136;1.3023103921731942;0.0;3.6114750805762856;0.1088795333846272;5.0;12.515058326921594;0.9960535414643072;3.591391516499961;0.4984216331538046;10.759397666923135;3
10.2;0.24;0.49;2.4;0.075;10.0;28.0;0.9978;3.14;0.61;10.4;5
9.471025619229325;0.60182134374715;0.3091224126176934;1.679801493052389;0.1198277909726655;29.80463182877759;48.29966915508732;0.997939420173039;3.359023159143888;0.7671025619229324;9.840066168982537;3
8.4;0.635;0.36;2.0;0.089;15.0;55.0;0.99745;3.31;0.57;10.4;4
7.0;0.49;0.49;5.6;0.06;26.0;121.0;0.9974;3.34;0.76;10.5;5
7.7;0.64;0.21;2.2;0.077;32.0;133.0;0.9956;3.27;0.45;9.9;5
12.5;0.46;0.49;4.5;0.07;26.0;49.0;0.9981;3.05;0.57;9.6;4
8.0;0.59;0.05;2.0;0.089;12.0;32.0;0.99735;3.36;0.61;10.0;5
8.47886721121264;0.933591147414176;0.1677486892220318;1.96056639439368;0.0819578770903927;6.070442629291199;21.1408852585824;0.996181408852586;3.278591147414176;0.456056639439368;9.81408852585824;4
6.2;0.65;0.06;1.6;0.05;6.0;18.0;0.99348;3.57;0.54;11.95;5
10.559070111447584;0.3544040590172629;0.5273575645896422;2.5295350557237923;0.0700880811803452;5.176162360690519;16.0;0.9969727505547092;3.1552848708207155;0.6535232472138104;11.13212177051789;8
6.5;0.67;0.0;4.3;0.057;11.0;20.0;0.99488;3.45;0.56;11.8;4
10.8;0.32;0.44;1.6;0.063;16.0;37.0;0.9985;3.22;0.78;10.0;6
6.8;0.68;0.09;3.9;0.068;15.0;29.0;0.99524;3.41;0.52;11.1;4
9.9;0.49;0.58;3.5;0.094;9.0;43.0;1.0004;3.29;0.58;9.0;5
9.0;0.785;0.24;1.7;0.078;10.0;21.0;0.99692;3.29;0.67;10.0;5
7.276358031367507;1.0572366324130908;0.0206069947720821;4.847602848390382;0.0908179015683753;4.175720209116714;14.0;0.9972099670452536;3.535207824048422;0.5317572020911672;10.493930052279175;3
6.4;0.64;0.21;1.8;0.081;14.0;31.0;0.99689;3.59;0.66;9.8;5
6.9;0.4;0.14;2.4;0.085;21.0;40.0;0.9968;3.43;0.63;9.7;6
6.4;0.57;0.14;3.9;0.07;27.0;73.0;0.99669;3.32;0.48;9.2;5
8.933154409239211;0.4066738236304315;0.4632939700326267;1.8;0.0699989264554352;6.666308818478425;14.6652352739137;0.9948001932380216;3.2567167654130205;0.69;12.23304705478274;8
7.8;0.87;0.26;3.8;0.107;31.0;67.0;0.99668;3.26;0.46;9.2;5
13.3;0.43;0.58;1.9;0.07;15.0;40.0;1.0004;3.06;0.49;9.0;5
11.6;0.41;0.58;2.8;0.096;25.0;101.0;1.00024;3.13;0.53;10.0;5
7.1;0.875;0.05;5.7;0.082;3.0;14.0;0.99808;3.4;0.52;10.2;3
11.6;0.32;0.55;2.8;0.081;35.0;67.0;1.0002;3.32;0.92;10.8;7
7.805511628658013;0.5979291858324663;0.1708188374571443;3.6609441889004497;0.0555559069707359;4.388976742683974;9.305511628658014;0.9961183623250855;3.3494488371341986;0.5530551162865802;11.236062791523814;4
7.6;0.41;0.33;2.5;0.078;6.0;23.0;0.9957;3.3;0.58;11.2;5
8.2;1.0;0.09;2.3;0.065;7.0;37.0;0.99685;3.32;0.55;9.0;6
9.5;0.55;0.66;2.3;0.387;12.0;37.0;0.9982;3.17;0.67;9.6;5
10.8;0.45;0.33;2.5;0.099;20.0;38.0;0.99818;3.24;0.71;10.8;5
7.9;0.35;0.46;3.6;0.078;15.0;37.0;0.9973;3.35;0.86;12.8;8
7.2;0.34;0.24;2.0;0.071;30.0;52.0;0.99576;3.44;0.58;10.1;5
6.9;0.58;0.01;1.9;0.08;40.0;54.0;0.99683;3.4;0.73;9.7;5
7.0;0.6;0.3;4.5;0.068;20.0;110.0;0.99914;3.3;1.17;10.2;5
10.7;0.35;0.53;2.6;0.07;5.0;16.0;0.9972;3.15;0.65;11.0;8
7.9;0.72;0.17;2.6;0.096;20.0;38.0;0.9978;3.4;0.53;9.5;5
7.9;0.18;0.4;1.8;0.062;7.0;20.0;0.9941;3.28;0.7;11.1;5
6.2;0.56;0.09;1.7;0.053;24.0;32.0;0.99402;3.54;0.6;11.3;5
7.4;0.635;0.1;2.4;0.08;16.0;33.0;0.99736;3.58;0.69;10.8;7
11.5;0.42;0.48;2.6;0.077;8.0;20.0;0.99852;3.09;0.53;11.0;5
7.635019208769735;1.5519846329842122;0.0010005488219924;2.165035673429508;0.13434854562172;5.050027441099621;9.100054882199242;0.9949681141549744;3.498999451178008;0.4045024696989659;10.905002744109964;3
8.3;0.715;0.15;1.8;0.089;10.0;52.0;0.9968;3.23;0.77;9.5;5
10.953332803029287;0.6116597481850243;0.5710832604165272;2.0652776672977686;0.1000014102115306;10.808333996213388;44.57499801135984;0.9999795409938432;3.2594305632891563;0.5619166600378661;9.107777866161785;3
7.1;0.62;0.06;1.3;0.07;5.0;12.0;0.9942;3.17;0.48;9.8;5
7.2;0.38;0.31;2.0;0.056;15.0;29.0;0.99472;3.23;0.76;11.3;8
6.7;0.48;0.08;2.1;0.064;18.0;34.0;0.99552;3.33;0.64;9.7;5
9.3;0.61;0.26;3.4;0.09;25.0;87.0;0.99975;3.24;0.62;9.7;5
10.0;0.69;0.11;1.4;0.084;8.0;24.0;0.99578;2.88;0.47;9.7;5
12.2;0.34;0.5;2.4;0.066;10.0;21.0;1.0;3.12;1.18;9.2;6
7.025416914552999;1.056490966592733;0.0127685130099333;1.908472304851;0.0993328866206966;5.638425650496667;10.915276951490002;0.995551647806616;3.5319212825248334;0.5468378996142335;10.293495632028163;3
7.9;0.53;0.24;2.0;0.072;15.0;105.0;0.996;3.27;0.54;9.4;6
7.466027261010461;0.6106216756177988;0.1129188829214675;2.0306216756177986;0.0850478390977486;10.74162234157065;24.30621675617799;0.9966990408915156;3.381291888292147;0.4430621675617798;9.289473071965965;4
9.9;0.74;0.28;2.6;0.078;21.0;77.0;0.998;3.28;0.51;9.8;5
7.1;0.43;0.17;1.8;0.082;27.0;51.0;0.99634;3.49;0.64;10.4;5
7.9;0.6;0.06;1.6;0.069;15.0;59.0;0.9964;3.3;0.46;9.4;5
7.6;0.52;0.12;3.0;0.067;12.0;53.0;0.9971;3.36;0.57;9.1;5
9.2;0.41;0.5;2.5;0.055;12.0;25.0;0.9952;3.34;0.79;13.3;7
9.7;0.55;0.17;2.9;0.087;20.0;53.0;1.0004;3.14;0.61;9.4;5
7.790837566146369;0.5651897222268436;0.0948102777731563;2.288546957682961;0.0652061547617067;33.61059656122068;44.51897222268437;0.9941704581216928;3.454960661380503;0.7390837566146369;12.6702220899757;8
7.807196039614493;1.110347392737343;0.009048800880322;3.865425962586313;0.0911182794277906;5.452440044016103;12.64267986795169;0.9976496609021174;3.5621339933975844;0.5173779977991949;10.835732013204831;3
8.4;0.67;0.19;2.2;0.093;11.0;75.0;0.99736;3.2;0.59;9.2;4
7.2;0.66;0.03;2.3;0.078;16.0;86.0;0.99743;3.53;0.57;9.7;5
10.3;0.53;0.48;2.5;0.063;6.0;25.0;0.9998;3.12;0.59;9.3;6
15.9;0.36;0.65;7.5;0.096;22.0;71.0;0.9976;2.98;0.84;14.9;5
7.3;0.55;0.01;1.8;0.093;9.0;15.0;0.99514;3.35;0.58;11.0;7
10.3;0.32;0.45;6.4;0.073;5.0;13.0;0.9976;3.23;0.82;12.6;8
6.568981353460464;0.597722948162913;0.1707261195101101;2.151815298775276;0.0742079665223574;9.55445896325826;70.18152987752754;0.9954518858315008;3.5372929085730727;0.5755445896325826;11.07920334776426;4
7.1;0.47;0.0;2.2;0.067;7.0;14.0;0.99517;3.4;0.58;10.9;4
7.380563386553236;0.4371784057418579;0.2437934249304802;2.090281693276618;0.0587084507982985;20.7178405741858;33.815023641419614;0.9945544835623262;3.299215964845407;0.7539812204482255;11.721314568624218;8
5.0;0.42;0.24;2.0;0.06;19.0;50.0;0.9917;3.72;0.74;14.0;8
6.6;0.5;0.04;2.1;0.068;6.0;14.0;0.9955;3.39;0.64;9.4;6
7.5;0.5;0.36;6.1;0.071;17.0;102.0;0.9978;3.35;0.8;10.5;5
8.8;0.52;0.34;2.7;0.087;24.0;122.0;0.9982;3.26;0.61;9.5;5
8.9;0.635;0.37;1.7;0.263;5.0;62.0;0.9971;3.0;1.09;9.3;5
5.6;0.85;0.05;1.4;0.045;12.0;88.0;0.9924;3.56;0.82;12.9;8
5.0;0.42;0.24;2.0;0.06;19.0;50.0;0.9917;3.72;0.74;14.0;8
9.0;0.62;0.04;1.9;0.146;27.0;90.0;0.9984;3.16;0.7;9.4;5
7.3;0.59;0.26;7.2;0.07;35.0;121.0;0.9981;3.37;0.49;9.4;5
9.198905279376612;0.6053069967132163;0.3445835312244448;2.6357448849625715;0.0837762970418947;16.29604950698245;46.23465016433919;0.9979519752465088;3.269386006573567;0.5217325082169592;9.370395049301756;4
7.9;0.37;0.23;1.8;0.077;23.0;49.0;0.9963;3.28;0.67;9.3;5
7.1;0.43;0.42;5.5;0.07;29.0;129.0;0.9973;3.42;0.72;10.5;5
6.7;0.64;0.23;2.1;0.08;11.0;119.0;0.99538;3.36;0.7;10.9;5
7.5;0.65;0.18;7.0;0.088;27.0;94.0;0.99915;3.38;0.77;9.4;5
8.3;1.02;0.02;3.4;0.084;6.0;11.0;0.99892;3.48;0.49;11.0;3
6.2;0.6;0.08;2.0;0.09;32.0;44.0;0.9949;3.45;0.58;10.5;5
9.5;0.56;0.33;2.4;0.089;35.0;67.0;0.9972;3.28;0.73;11.8;7
8.3;0.54;0.24;3.4;0.076;16.0;112.0;0.9976;3.27;0.61;9.4;5
11.8;0.26;0.52;1.8;0.071;6.0;10.0;0.9968;3.2;0.72;10.2;7
7.5;0.77;0.2;8.1;0.098;30.0;92.0;0.99892;3.2;0.58;9.2;5
6.7;0.7;0.08;3.75;0.067;8.0;16.0;0.99334;3.43;0.52;12.6;5
7.9;0.35;0.46;3.6;0.078;15.0;37.0;0.9973;3.35;0.86;12.8;8
7.2;0.56;0.26;2.0;0.083;13.0;100.0;0.99586;3.26;0.52;9.9;5
7.668497360682217;0.5283574975493686;0.1382176344165205;2.2342486803411084;0.0630274604102332;29.83574975493686;41.49326295152578;0.9942905440860412;3.409590654928183;0.7443834213105928;12.393160508258504;8
6.9;0.67;0.06;2.1;0.08;8.0;33.0;0.99845;3.68;0.71;9.6;5
12.28061479860477;0.3146226805465099;0.699828303069775;2.191595126279073;0.0714957075767443;6.546316791860262;29.882511740697343;0.9984058294197676;2.9153004696278937;0.8166380505116291;9.97650234813947;8
9.320268305685724;0.3265772314380921;0.5440536611371448;2.534227685619079;0.0776080491705717;6.265772314380921;16.73422768561908;0.995926925280402;3.165946338862855;0.8588723676923882;11.912617851504736;8
7.7;0.28;0.3;2.0;0.062;18.0;34.0;0.9952;3.28;0.9;11.3;7
5.9;0.19;0.21;1.7;0.045;57.0;135.0;0.99341;3.32;0.44;9.5;5
7.3;0.58;0.3;2.4;0.074;15.0;55.0;0.9968;3.46;0.59;10.2;5
10.4;0.44;0.42;1.5;0.145;34.0;48.0;0.99832;3.38;0.86;9.9;3
6.7;0.76;0.02;1.8;0.078;6.0;12.0;0.996;3.55;0.63;9.95;3
7.29084519398022;0.370915480601978;0.305457740300989;1.90915480601978;0.0641760674582198;15.9084519398022;26.7288701504945;0.9944792602359523;3.234542259699011;0.732746441805934;11.34542259699011;8
7.3;0.835;0.03;2.1;0.092;10.0;19.0;0.9966;3.39;0.47;9.6;5
8.8;0.955;0.05;1.8;0.075;5.0;19.0;0.99616;3.3;0.44;9.6;4
8.3;0.26;0.42;2.0;0.08;11.0;27.0;0.9974;3.21;0.8;9.4;6
6.826287621378317;0.7877792476510999;0.0821137135865048;3.426822815190293;0.0661598665035178;14.211371358650489;29.525752427566346;0.9951243344659354;3.436287621378317;0.4963411407595147;11.17886286413495;4
8.9;0.38;0.4;2.2;0.068;12.0;28.0;0.99486;3.27;0.75;12.6;7
8.6;0.55;0.09;3.3;0.068;8.0;17.0;0.99735;3.23;0.44;10.0;5
7.3;0.45;0.36;5.9;0.074;12.0;87.0;0.9978;3.33;0.83;10.5;5
7.4;1.185;0.0;4.25;0.097;5.0;14.0;0.9966;3.63;0.54;10.7;3
7.2;0.725;0.05;4.65;0.086;4.0;11.0;0.9962;3.41;0.39;10.9;5
10.66128297756777;0.3470962233175829;0.5222565955135544;2.9678117131061668;0.0702903776682417;5.0;15.70962233175829;0.9972387170224322;3.1577434044864456;0.666454734533697;11.154868089728913;8
7.9;0.52;0.26;1.9;0.079;42.0;140.0;0.9964;3.23;0.54;9.5;5
15.5;0.645;0.49;4.2;0.095;10.0;23.0;1.00315;2.92;0.74;11.1;5
8.6;0.49;0.51;2.0;0.422;16.0;62.0;0.9979;3.03;1.17;9.0;5
12.3;0.5;0.49;2.2;0.089;5.0;14.0;1.0002;3.19;0.44;9.6;5
7.0;0.45;0.34;2.7;0.082;16.0;72.0;0.998;3.55;0.6;9.5;5
7.942679348005118;0.6303349185006397;0.1778162500411771;1.921339674002559;0.0797121521760614;13.143923911969292;42.64267934800512;0.9968853586960102;3.331439239119693;0.5121339674002559;9.128535869601023;4
7.2;0.635;0.07;2.6;0.077;16.0;86.0;0.99748;3.51;0.54;9.7;5
7.5852759473202305;0.9336375103011944;0.0378681013169942;4.7698877676362255;0.0828087932455337;4.213189868300576;12.786810131699424;0.9984196931631242;3.432351729821349;0.5078681013169942;10.523517298213486;3
10.6;1.025;0.43;2.8;0.08;21.0;84.0;0.9985;3.06;0.57;10.1;5
7.0;0.62;0.08;1.8;0.076;8.0;24.0;0.9978;3.48;0.53;9.0;5
7.2;0.33;0.33;1.7;0.061;3.0;13.0;0.996;3.23;1.1;10.0;8
12.5;0.38;0.6;2.6;0.081;31.0;72.0;0.9996;3.1;0.73;10.5;5
8.6;0.37;0.65;6.4;0.08;3.0;8.0;0.99817;3.27;0.58;11.0;5
4.6;0.52;0.15;2.1;0.054;8.0;65.0;0.9934;3.9;0.56;13.1;4
7.8;0.56;0.19;1.8;0.104;12.0;47.0;0.9964;3.19;0.93;9.5;5
9.967524485482809;0.3218278648262618;0.5469032811042429;2.7126885406949524;0.0756344270347476;5.563442703474762;16.563442703474763;0.99674924583722;3.15;0.8021295299381859;11.394409892432334;8
8.2;0.885;0.2;1.4;0.086;7.0;31.0;0.9946;3.11;0.46;10.0;5
7.2;0.695;0.13;2.0;0.076;12.0;20.0;0.99546;3.29;0.54;10.1;5
7.1;0.84;0.02;4.4;0.096;5.0;13.0;0.997;3.41;0.57;11.0;4
8.4;0.715;0.2;2.4;0.076;10.0;38.0;0.99735;3.31;0.64;9.4;5
7.8;0.56;0.19;1.8;0.104;12.0;47.0;0.9964;3.19;0.93;9.5;5
9.8;0.45;0.38;2.5;0.081;34.0;66.0;0.99726;3.15;0.58;9.8;5
10.0;0.58;0.22;1.9;0.08;9.0;32.0;0.9974;3.13;0.55;9.5;5
7.2;0.49;0.24;2.2;0.07;5.0;36.0;0.996;3.33;0.48;9.4;5
8.7;0.46;0.31;2.5;0.126;24.0;64.0;0.99746;3.1;0.74;9.6;5
11.452090394773798;0.5627438793902765;0.6304180789547598;2.1137193969513826;0.0827513183092168;12.958192104524024;47.123258004355165;1.0004943201491991;3.266023540566172;0.6057448212629986;9.110932203919653;3
11.6;0.41;0.54;1.5;0.095;22.0;41.0;0.99735;3.02;0.76;9.9;7
7.6;0.49;0.33;1.9;0.074;27.0;85.0;0.99706;3.41;0.58;9.0;5
7.6;0.39;0.31;2.3;0.082;23.0;71.0;0.9982;3.52;0.65;9.7;5
11.5;0.18;0.51;4.0;0.104;4.0;23.0;0.9996;3.28;0.97;10.1;6
8.624649784976036;0.4554575250861292;0.4366199713301381;2.0772876254306456;0.0729806258959331;7.396125179186637;16.396125179186637;0.9937207958432462;3.2060387482081336;0.7018837553755991;12.737675107511985;8
10.302468770732691;0.3028202149085396;0.6051234385366345;2.63078710548762;0.0777438280731682;6.0;20.38425789024759;0.997048649428964;3.073854197469429;0.8917978509146034;11.164159167377464;8
7.1;0.35;0.29;2.5;0.096;20.0;53.0;0.9962;3.42;0.65;11.0;6
6.8;0.63;0.07;2.1;0.089;11.0;44.0;0.9953;3.47;0.55;10.4;6
7.2;0.48;0.07;5.5;0.089;10.0;18.0;0.99684;3.37;0.68;11.2;7
7.3;0.35;0.24;2.0;0.067;28.0;48.0;0.99576;3.43;0.54;10.0;4
10.317484862217349;0.6133452082884859;0.4795183473627439;2.093309583423028;0.1972792305920314;5.022301388589907;15.910794445640374;0.9993241752787942;3.168697541550064;0.63;8.434567152314356;3
8.3;1.02;0.02;3.4;0.084;6.0;11.0;0.99892;3.48;0.49;11.0;3
12.5;0.56;0.49;2.4;0.064;5.0;27.0;0.9999;3.08;0.87;10.9;5
8.0;0.6;0.22;2.1;0.08;25.0;105.0;0.99613;3.3;0.49;9.9;5
11.9;0.57;0.5;2.6;0.082;6.0;32.0;1.0006;3.12;0.78;10.7;6
7.5;0.685;0.07;2.5;0.058;5.0;9.0;0.99632;3.38;0.55;10.9;4
7.8;0.57;0.09;2.3;0.065;34.0;45.0;0.99417;3.46;0.74;12.7;8
7.0;0.69;0.08;1.8;0.097;22.0;89.0;0.9959;3.34;0.54;9.2;6
8.9;0.875;0.13;3.45;0.088;4.0;14.0;0.9994;3.44;0.52;11.5;5
9.3;0.41;0.39;2.2;0.064;12.0;31.0;0.9984;3.26;0.65;10.2;5
9.92773808498187;0.905332670191322;0.2180859787220208;3.218167978591973;0.1026074734025259;12.53121702238338;89.15813510866572;1.000636335957184;3.404160712747281;0.6859365106715014;11.089457659422283;4
10.094865868631244;0.3267256103319709;0.5439646338008175;2.693097558672116;0.0746548779336058;5.465487793360581;16.46548779336058;0.9968276097653116;3.15;0.7756817042073569;11.325841455352409;8
7.207330463066467;0.3304712440542728;0.3303141627028486;1.7005236045047476;0.0610366523153323;3.015708135142429;12.994763954952523;0.99599560172216;3.2306283254056973;1.0978532215305348;10.00890127658071;8
8.6;0.47;0.47;2.4;0.074;7.0;29.0;0.9979;3.08;0.46;9.5;5
7.2;0.62;0.06;2.7;0.077;15.0;85.0;0.99746;3.51;0.54;9.5;5
8.8;0.64;0.17;2.9;0.084;25.0;130.0;0.99818;3.23;0.54;9.6;5
8.9;0.48;0.53;4.0;0.101;3.0;10.0;0.99586;3.21;0.59;12.1;7
7.7;0.67;0.23;2.1;0.088;17.0;96.0;0.9962;3.32;0.48;9.5;5
6.4;0.64;0.21;1.8;0.081;14.0;31.0;0.99689;3.59;0.66;9.8;5
7.3;0.98;0.05;2.1;0.061;20.0;49.0;0.99705;3.31;0.55;9.7;3
8.1;0.56;0.28;1.7;0.368;16.0;56.0;0.9968;3.11;1.28;9.3;5
8.5;0.37;0.2;2.8;0.09;18.0;58.0;0.998;3.34;0.7;9.6;6
7.2;0.41;0.3;2.1;0.083;35.0;72.0;0.997;3.44;0.52;9.4;5
6.9;0.36;0.25;2.4;0.098;5.0;16.0;0.9964;3.41;0.6;10.1;6
7.118774090103899;0.619425293030417;0.1765134114747779;2.166283528686945;0.0798505761879084;9.988505860608342;71.62835286869446;0.996024827736003;3.436015299191387;0.5798850586060834;10.514942381209156;4
7.4;0.55;0.19;1.8;0.082;15.0;34.0;0.99655;3.49;0.68;10.5;5
8.7;0.765;0.22;2.3;0.064;9.0;42.0;0.9963;3.1;0.55;9.4;5
7.476667549508672;1.4061012448072283;0.0123332450491327;2.9879936435375574;0.1234334304459539;4.506670198034691;10.233324504913274;0.9955789274712624;3.4753335099017346;0.4295997881179186;10.72733456931214;3
8.0;0.28;0.44;1.8;0.081;28.0;68.0;0.99501;3.36;0.66;11.2;5
8.9;0.31;0.57;2.0;0.111;26.0;85.0;0.9971;3.26;0.53;9.7;5
8.6;0.52;0.38;1.5;0.096;5.0;18.0;0.99666;3.2;0.52;9.4;5
8.300527522532926;0.3811888828831277;0.4059444144156383;1.8;0.0724108337837654;11.70277927921808;19.762223423374465;0.9944177804909936;3.2241083378376545;0.6947027792792181;11.982694279286012;8
10.0;0.26;0.54;1.9;0.083;42.0;74.0;0.99451;2.98;0.63;11.8;8
13.0;0.32;0.65;2.6;0.093;15.0;47.0;0.9996;3.05;0.61;10.6;5
7.5;0.4;0.18;1.6;0.079;24.0;58.0;0.9965;3.34;0.58;9.4;5
10.5;0.51;0.64;2.4;0.107;6.0;15.0;0.9973;3.09;0.66;11.8;7
7.450569742560501;0.7514878501292988;0.0007804777490447;1.889593630012737;0.0838959363001273;6.0;12.026015924968158;0.9966747322905556;3.3483250959898103;0.4933820702458604;9.710406369987265;4
13.4;0.27;0.62;2.6;0.082;6.0;21.0;1.0002;3.16;0.67;9.7;6
9.9;0.59;0.07;3.4;0.102;32.0;71.0;1.00015;3.31;0.71;9.8;5
7.6;0.54;0.13;2.5;0.097;24.0;66.0;0.99785;3.39;0.61;9.4;5
6.8;0.63;0.12;3.8;0.099;16.0;126.0;0.9969;3.28;0.61;9.5;5
10.3;0.44;0.5;4.5;0.107;5.0;13.0;0.998;3.28;0.83;11.5;5
10.227488108337091;0.3647659966144658;0.5211404020313205;2.363744054168547;0.0702953199322893;5.590639864578632;16.0;0.9964380745746936;3.1677191959373587;0.6618127972915726;11.442979898433974;8
8.9;0.62;0.18;3.8;0.176;52.0;145.0;0.9986;3.16;0.88;9.2;5
7.5;0.755;0.0;1.9;0.084;6.0;12.0;0.99672;3.34;0.49;9.7;4
7.6;0.41;0.24;1.8;0.08;4.0;11.0;0.9962;3.28;0.59;9.5;5
8.6;0.635;0.68;1.8;0.403;19.0;56.0;0.99632;3.02;1.15;9.3;5
6.9;1.09;0.06;2.1;0.061;12.0;31.0;0.9948;3.51;0.43;11.4;4
9.679856678503285;0.2763628808764988;0.5037170902303724;1.8928857039667395;0.0802254245470284;41.00399855534355;74.92485848432385;0.994246059617166;3.0169943393729537;0.6435171624631947;11.956514512731728;8
6.872333196030394;0.8095457938587383;0.0329249897022795;3.48024866129634;0.0797233319603039;4.707501029772046;12.861665980151969;0.996896132619358;3.485375051488602;0.5826083710916417;10.057708247518995;3
9.2;0.43;0.49;2.4;0.086;23.0;116.0;0.9976;3.23;0.64;9.5;5
9.198413596601627;0.3671954677994576;0.5196827193203255;2.1280453220054243;0.0739524078980488;6.671954677994576;16.328045322005423;0.9952039206731697;3.1903172806796745;0.7654504240612475;12.23756374239566;8
12.2;0.45;0.49;1.4;0.075;3.0;6.0;0.9969;3.13;0.63;10.4;5
6.2;0.56;0.09;1.7;0.053;24.0;32.0;0.99402;3.54;0.6;11.3;5
9.1;0.3;0.34;2.0;0.064;12.0;25.0;0.99516;3.26;0.84;11.7;7
11.520310415247904;0.5874129846281019;0.6486951984421446;2.198146753842974;0.0737590779995866;10.185324615702548;47.03706492314051;1.0007305032691114;3.2511119476942154;0.5696293507685949;9.012972723099178;3
6.7;0.58;0.08;1.8;0.097;15.0;65.0;0.9959;3.28;0.54;9.2;5
12.7;0.6;0.49;2.8;0.075;5.0;19.0;0.9994;3.14;0.57;11.4;5
7.4;1.185;0.0;4.25;0.097;5.0;14.0;0.9966;3.63;0.54;10.7;3
13.7;0.415;0.68;2.9;0.085;17.0;43.0;1.0014;3.06;0.8;10.0;6
10.0;0.31;0.47;2.6;0.085;14.0;33.0;0.99965;3.36;0.8;10.5;7
6.9;0.4;0.24;2.5;0.083;30.0;45.0;0.9959;3.26;0.58;10.0;5
9.9;0.57;0.25;2.0;0.104;12.0;89.0;0.9963;3.04;0.9;10.1;5
7.087927131379847;0.5428833093463333;0.2101191532281456;1.9289118663661304;0.0828673559909839;8.710881336338698;23.0;0.9959005957661408;3.3712072868620155;0.435782373273226;9.18733136523912;4
10.9;0.39;0.47;1.8;0.118;6.0;14.0;0.9982;3.3;0.75;9.8;6
7.1;0.735;0.16;1.9;0.1;15.0;77.0;0.9966;3.27;0.64;9.3;5
7.563845516552467;0.418984385958888;0.3131076413241973;2.0293837231734533;0.0746553820662098;14.0507807020556;21.706162768265468;0.993587048499087;3.2268923586758027;0.7065538206620986;11.957074756278386;8
8.2;0.33;0.39;2.5;0.074;29.0;48.0;0.99528;3.32;0.88;12.4;7
9.4;0.27;0.53;2.4;0.074;6.0;18.0;0.9962;3.2;1.13;12.0;7
7.2;0.41;0.3;2.1;0.083;35.0;72.0;0.997;3.44;0.52;9.4;5
10.066986911504792;0.3697816590154752;0.5181310045907148;2.283493455752396;0.0703956331803095;5.7912663606190105;16.0;0.9961792663948016;3.1737379908185703;0.6658253272123802;11.593449770464256;8
8.1;0.38;0.28;2.1;0.066;13.0;30.0;0.9968;3.23;0.73;9.7;7
7.1;0.48;0.28;2.8;0.068;6.0;16.0;0.99682;3.24;0.53;10.3;5
7.2;0.695;0.13;2.0;0.076;12.0;20.0;0.99546;3.29;0.54;10.1;5
8.2;0.73;0.21;1.7;0.074;5.0;13.0;0.9968;3.2;0.52;9.5;5
10.112100191253086;0.368371869023341;0.5189768785859954;2.306050095626543;0.0703674373804668;5.734874760933643;16.0;0.9962520115583956;3.172046242828009;0.6646974952186728;11.551156070700232;8
7.2;0.655;0.03;1.8;0.078;7.0;12.0;0.99587;3.34;0.39;9.5;5
6.6;0.61;0.01;1.9;0.08;8.0;25.0;0.99746;3.69;0.73;10.5;5
8.4;0.29;0.4;1.7;0.067;8.0;20.0;0.99603;3.39;0.6;10.5;5
8.3;0.26;0.42;2.0;0.08;11.0;27.0;0.9974;3.21;0.8;9.4;6
5.3;0.57;0.01;1.7;0.054;5.0;27.0;0.9934;3.57;0.84;12.5;7
8.4;0.67;0.19;2.2;0.093;11.0;75.0;0.99736;3.2;0.59;9.2;4
6.6;0.7;0.08;2.6;0.106;14.0;27.0;0.99665;3.44;0.58;10.2;5
8.4;0.59;0.29;2.6;0.109;31.0;119.0;0.99801;3.15;0.5;9.1;5
7.7;0.27;0.68;3.5;0.358;5.0;10.0;0.9972;3.25;1.08;9.9;7
8.6;0.22;0.36;1.9;0.064;53.0;77.0;0.99604;3.47;0.87;11.0;7
7.562356699944582;1.5056544823905496;0.0;2.504665475595744;0.1294713399889164;5.0;9.941082501385448;0.99510631836051;3.5244681450360216;0.4263503100387926;10.862356699944582;3
10.4;0.24;0.46;1.8;0.075;6.0;21.0;0.9976;3.25;1.02;10.8;7
8.3;0.705;0.12;2.6;0.092;12.0;28.0;0.9994;3.51;0.72;10.0;5
7.401867920391129;0.9678415707920266;0.064458672571644;2.1;0.0655676261078603;19.50709070778486;47.9155995571267;0.9971272224557804;3.305070907077849;0.5526288495584808;9.657281194674688;3
10.5;0.42;0.66;2.95;0.116;12.0;29.0;0.997;3.24;0.75;11.7;7
7.397968436032019;0.6466278997491757;0.2268136850171087;1.9766105286203104;0.0842983158586093;8.233894713796893;23.0;0.9959840684250856;3.340203156396798;0.4453221057240621;9.413900010946476;4
9.4;0.395;0.46;4.6;0.094;3.0;10.0;0.99639;3.27;0.64;12.2;7
8.2;0.33;0.32;2.8;0.067;4.0;12.0;0.99473;3.3;0.76;12.8;7
6.6;0.5;0.01;1.5;0.06;17.0;26.0;0.9952;3.4;0.58;9.8;6
6.9;0.56;0.03;1.5;0.086;36.0;46.0;0.99522;3.53;0.57;10.6;5
10.2;0.23;0.37;2.2;0.057;14.0;36.0;0.99614;3.23;0.49;9.3;4
7.5;0.4;0.12;3.0;0.092;29.0;53.0;0.9967;3.37;0.7;10.3;6
8.3;1.02;0.02;3.4;0.084;6.0;11.0;0.99892;3.48;0.49;11.0;3
8.2;0.31;0.4;2.2;0.058;6.0;10.0;0.99536;3.31;0.68;11.2;7
7.0;0.56;0.13;1.6;0.077;25.0;42.0;0.99629;3.34;0.59;9.2;5
6.2;0.45;0.2;1.6;0.069;3.0;15.0;0.9958;3.41;0.56;9.2;5
7.4;0.63;0.07;2.4;0.09;11.0;37.0;0.9979;3.43;0.76;9.7;6
5.5;0.49;0.03;1.8;0.044;28.0;87.0;0.9908;3.5;0.82;14.0;8
6.1;0.59;0.01;2.1;0.056;5.0;13.0;0.99472;3.52;0.56;11.4;5
9.735287196079266;0.636947816375165;0.4055635086911499;2.0461043672496704;0.1780824426815325;5.179652109167766;15.281391563328937;0.9987891828288296;3.230064322575429;0.63;8.678460769210037;3
7.1;0.59;0.01;2.5;0.077;20.0;85.0;0.99746;3.55;0.59;9.8;5
9.1;0.775;0.22;2.2;0.079;12.0;48.0;0.9976;3.18;0.51;9.6;5
7.2;0.61;0.08;4.0;0.082;26.0;108.0;0.99641;3.25;0.51;9.4;5
7.333211699411172;0.3715876046172618;0.2300364901766483;2.0539690115431544;0.068203924103655;27.91697075147207;48.53969011543155;0.9959464006629452;3.4370574861248744;0.5474726323675138;9.991697075147208;4
9.2;0.31;0.36;2.2;0.079;11.0;31.0;0.99615;3.33;0.86;12.0;7
7.1;0.34;0.28;2.0;0.082;31.0;68.0;0.99694;3.45;0.48;9.4;5
10.2;0.36;0.64;2.9;0.122;10.0;41.0;0.998;3.23;0.66;12.5;6
8.4;0.65;0.6;2.1;0.112;12.0;90.0;0.9973;3.2;0.52;9.2;5
10.7;0.43;0.39;2.2;0.106;8.0;32.0;0.9986;2.89;0.5;9.6;5
7.8;0.61;0.29;1.6;0.114;9.0;29.0;0.9974;3.26;1.56;9.1;5
7.3;0.74;0.08;1.7;0.094;10.0;45.0;0.99576;3.24;0.5;9.8;5
9.315659136998107;0.3134945380803029;0.5476300067597224;2.7831318273996213;0.0797750910319949;6.112454484002525;17.0;0.9961722796698947;3.152811362100063;0.9087545515997476;11.778718138801766;8
7.1;0.43;0.42;5.5;0.071;28.0;128.0;0.9973;3.42;0.71;10.5;5
8.3;0.65;0.1;2.9;0.089;17.0;40.0;0.99803;3.29;0.55;9.5;5
7.4;0.64;0.07;1.8;0.1;8.0;23.0;0.9961;3.3;0.58;9.6;5
13.2;0.38;0.55;2.7;0.081;5.0;16.0;1.0006;2.98;0.54;9.4;5
7.171978477048224;0.7545039199661616;0.2407757109546432;2.024353574204464;0.0736680707068393;10.26939277386608;63.48707148408928;0.9957601684848206;3.43855680264723;0.4994828593635712;10.603667948747312;4
9.9;0.63;0.24;2.4;0.077;6.0;33.0;0.9974;3.09;0.57;9.4;5
5.379405142804009;0.4731167199925612;0.0806498400223162;1.8482379428783968;0.0478590354302717;25.82929257047216;78.07598056749666;0.9910170707429528;3.553061737166236;0.8007048228486414;14.0;8
12.8;0.615;0.66;5.8;0.083;7.0;42.0;1.0022;3.07;0.73;10.0;7
9.9;0.63;0.24;2.4;0.077;6.0;33.0;0.9974;3.09;0.57;9.4;5
12.5;0.28;0.54;2.3;0.082;12.0;29.0;0.9997;3.11;1.36;9.8;7
6.5;0.46;0.14;2.4;0.114;9.0;37.0;0.99732;3.66;0.65;9.8;5
10.2;0.36;0.64;2.9;0.122;10.0;41.0;0.998;3.23;0.66;12.5;6
8.2;0.39;0.38;1.5;0.058;10.0;29.0;0.9962;3.26;0.74;9.8;5
7.97220936240026;0.5457341352981451;0.1252246423091441;2.2686892068363163;0.0664089856923657;34.62621586327367;47.270032504367066;0.9941966141741893;3.42242704820358;0.731389531879987;12.629550715381711;8
6.3;1.02;0.0;2.0;0.083;17.0;24.0;0.99437;3.59;0.55;11.2;4
7.4;0.47;0.46;2.2;0.114;7.0;20.0;0.99647;3.32;0.63;10.5;5
5.6;0.605;0.05;2.4;0.073;19.0;25.0;0.99258;3.56;0.55;12.9;5
10.578148725578911;0.3453134125222658;0.5328119524866405;2.6187463499109365;0.0709373174955468;5.093731749554682;16.09373174955468;0.9971250146003562;3.15;0.6753075723797644;11.065612224688278;8
9.9;0.5;0.5;13.8;0.205;48.0;82.0;1.00242;3.16;0.75;8.8;5
8.2;0.4;0.44;2.8;0.089;11.0;43.0;0.9975;3.53;0.61;10.5;6
10.0;0.29;0.4;2.9;0.098;10.0;26.0;1.0006;3.48;0.91;9.7;5
7.630166548010373;0.5632066619204149;0.0894299786418671;1.8641332384082985;0.0755217765121106;17.0;42.88044412802766;0.996040222064014;3.345787786479239;0.4866033309602074;9.066033309602076;4
10.671341397534862;0.4716564963790671;0.4742682795069722;1.6582824818953357;0.1289456339791873;28.57317204930278;47.77388216872095;0.998880772221572;3.3506046819337234;0.7944258289290752;9.696493951848854;3
9.1;0.28;0.48;1.8;0.067;26.0;46.0;0.9967;3.32;1.04;10.6;6
8.0;0.58;0.28;3.2;0.066;21.0;114.0;0.9973;3.22;0.54;9.4;6
11.6;0.47;0.44;1.6;0.147;36.0;51.0;0.99836;3.38;0.86;9.9;4
9.6;0.6;0.5;2.3;0.079;28.0;71.0;0.9997;3.5;0.57;9.7;5
7.183173717230218;0.8850501574986515;0.0479206570692445;5.540583708642081;0.0821386228620503;3.207934293075547;13.792065706924454;0.9981382216020612;3.4055449144820145;0.5179206570692445;10.255449144820146;3
8.870409668479114;0.3847344530433418;0.4823267513769366;2.6940819336958226;0.0785877591159443;6.706120442027849;17.0;0.9949701061048936;3.1676530110506964;0.8493879557972152;12.194284309419494;8
12.3;0.5;0.49;2.2;0.089;5.0;14.0;1.0002;3.19;0.44;9.6;5
7.2;0.38;0.38;2.8;0.068;23.0;42.0;0.99356;3.34;0.72;12.9;7
